EmployeeID,FirstName,MiddleInitial,LastName,Address,gender,salary,DateHired,noOfDependents,SupervisorID,FactoryID
1,Clinton,C.,Kidd,"P.O. Box 749, 4069 Egestas. Rd.",Male,39191,01-Sep-2010,0,7,101
2,Elvis,E.,Carey,4719 Quis St.,Male,27231,11-Mar-2010,1,7,101
3,Ann,F.,Rodgers,759-1691 Donec St.,Female,79663,27-Jun-2015,2,7,101
4,Avye,I.,Gutierrez,609-7039 Consequat Av.,Female,83308,12-Jun-2012,0,7,101
5,Troy,G.,Eaton,105-9178 Nullam Avenue,Male,77362,24-Jan-2011,1,7,101
6,Drew,H.,Strickland,5306 Risus Road,Male,78169,10-Apr-2011,2,7,101
7,Athena,J.,Reyes,2011 Nunc Avenue,Female,96353,18-Aug-2013,0,7,101
8,Burton,K.,Richard,"P.O. Box 385, 9797 Ut Rd.",Male,79451,23-Aug-2015,1,7,101
9,Brennan,L.,Nichols,"P.O. Box 680, 4269 Mauris Street",Male,62784,25-Sep-2011,2,7,101
10,Sandra,A.,Harvey,"2577 Sem, St.",Female,104458,23-Jan-2011,0,7,101
11,Kibo,B.,Donovan,Ap #444-3599 Auctor Rd.,Male,100605,04-Mar-2010,1,19,101
12,Keaton,M.,Benton,"5614 Dui, St.",Male,93462,01-Aug-2011,2,19,101
13,Oleg,N.,Nixon,"P.O. Box 456, 1318 Vel St.",Male,26567,12-Oct-2010,0,19,101
14,Marshall,O.,Clements,281-5676 Nisl Rd.,Male,119525,14-Mar-2011,1,19,101
15,Ferdinand,P.,Snow,827-3181 Erat Ave,Male,27020,02-Jan-2015,2,19,101
16,Lacota,Q.,Crosby,8923 Nam Rd.,Female,69691,25-Jun-2010,0,19,101
17,Kieran,T.,Becker,Ap #502-4872 Eget St.,Female,27766,31-Jan-2013,1,19,101
18,Victor,U.,Wyatt,322-4253 Dolor. St.,Male,75295,05-Jul-2011,2,19,101
19,Carter,Y.,Price,Ap #330-7944 Sit Rd.,Male,107058,20-Oct-2011,0,19,101
20,Kim,Z.,Pugh,Ap #844-9607 Auctor Av.,Female,100766,18-Dec-2010,1,19,101
21,Alisa,R.,Cummings,"P.O. Box 871, 335 Luctus Street",Female,120000,30-Jun-2015,2,21,101
22,Kristen,S.,Carpenter,"P.O. Box 350, 574 Sed St.",Female,87084,08-Feb-2013,0,21,101
23,Indigo,V.,Ward,Ap #518-6785 Ac Avenue,Female,34691,02-Oct-2014,1,21,101
24,Hyacinth,W.,Patel,"P.O. Box 815, 9420 Et Street",Female,35311,10-Jul-2010,2,21,101
25,Miriam,X.,Doyle,Ap #737-9054 Vel St.,Female,119021,11-Jun-2010,0,21,101
26,Porter,C.,Barry,580-7757 Suspendisse Road,Male,39473,04-Feb-2013,1,21,101
27,Ryder,E.,Kirk,"8116 Tempor, Rd.",Male,75445,22-Jul-2013,2,21,101
28,Felix,F.,Benson,581-2954 Gravida. Road,Male,40135,27-Jun-2010,0,21,101
29,Iona,I.,Schwartz,Ap #774-8715 Nec Av.,Female,119807,11-Feb-2010,1,21,101
30,Erica,G.,Flores,5694 Velit. Av.,Female,74008,03-Dec-2010,2,21,101
31,Nyssa,H.,Hughes,831-7256 Augue Rd.,Female,120000,04-Jun-2015,0,31,101
32,Zachery,J.,Cook,140-1983 Suspendisse Road,Male,83094,13-Mar-2015,1,31,101
33,Maile,K.,Barr,"P.O. Box 298, 335 Vivamus Road",Female,117275,12-Nov-2013,2,31,101
34,Nasim,L.,Slater,Ap #376-1396 Consectetuer Avenue,Male,92471,17-Oct-2012,0,31,101
35,Karleigh,A.,Mclean,3137 Morbi Road,Male,100614,03-Apr-2010,1,31,101
36,Harrison,B.,Park,5918 Dictum Road,Male,91296,09-Oct-2015,2,31,101
37,Adria,M.,Glenn,"755-2683 A, Avenue",Female,63310,19-Mar-2015,0,31,101
38,Mason,N.,Shepherd,"815 Tortor, Street",Male,38716,08-Oct-2015,1,31,101
39,August,O.,Miranda,601-5910 Congue Ave,Male,53376,10-Feb-2013,2,31,101
40,Sade,P.,Winters,Ap #706-6009 Mi Av.,Female,117166,26-Oct-2013,0,31,101
41,Octavius,Q.,Vance,1136 Convallis Road,Male,120000,25-Jul-2013,1,41,101
42,Fletcher,T.,Livingston,"2032 Vitae, Rd.",Male,50392,01-Jun-2014,2,41,101
43,Hamilton,U.,Haynes,Ap #177-663 Habitant St.,Male,88581,27-Jul-2013,0,41,101
44,Harper,Y.,Gibson,491-5467 Ipsum Street,Male,63986,14-Aug-2012,1,41,101
45,Lawrence,Z.,Lindsay,"P.O. Box 166, 6650 Adipiscing St.",Male,106642,05-Aug-2010,2,41,101
46,Carol,R.,York,8779 Pharetra. Street,Female,98052,26-May-2011,0,41,101
47,Jena,S.,Atkins,"P.O. Box 262, 6346 Enim. St.",Female,83965,02-Aug-2014,1,41,101
48,Ariel,V.,Hendrix,Ap #312-1224 Nonummy. Rd.,Female,26964,22-Aug-2010,2,41,101
49,Emily,W.,Small,"P.O. Box 772, 3156 Sed Rd.",Female,70201,18-Jun-2015,0,41,101
50,Keaton,X.,Chase,613-9171 Amet Street,Male,94073,24-Feb-2015,1,41,101
51,Anika,C.,Montgomery,"P.O. Box 746, 3405 Aenean Ave",Female,120000,01-Jun-2012,2,51,102
52,Ferdinand,E.,Orr,"P.O. Box 654, 1857 Suspendisse St.",Male,40323,12-Sep-2012,0,51,102
53,Walker,F.,Wilkins,Ap #213-9393 Tempus Avenue,Male,66408,07-Dec-2014,1,51,102
54,Colleen,I.,Ortiz,Ap #401-9438 Et St.,Female,84593,13-Aug-2011,2,51,102
55,Penelope,G.,Mcleod,"P.O. Box 685, 8032 Suspendisse Road",Female,36221,03-Apr-2013,0,51,102
56,Orla,H.,Howard,3880 Eget Avenue,Female,66406,14-Jun-2015,1,51,102
57,Glenna,J.,Pate,"P.O. Box 115, 5819 Orci. Street",Female,98900,22-Jul-2012,2,51,102
58,Jocelyn,K.,Anthony,7902 Adipiscing Road,Female,85436,01-Jun-2013,0,51,102
59,Kristen,L.,Humphrey,Ap #465-1431 Ante Rd.,Female,54209,23-Dec-2011,1,51,102
60,Omar,A.,Perez,"294 In, Street",Male,102292,22-Apr-2014,2,51,102
61,Angelica,B.,Howard,8294 Ligula Av.,Female,120000,31-Dec-2014,0,61,102
62,Malachi,M.,Shaw,Ap #864-3562 Vel Avenue,Male,52761,05-Feb-2015,1,61,102
63,Mollie,N.,Weiss,Ap #940-3295 Semper Street,Female,44218,29-May-2010,2,61,102
64,Colby,O.,Mullen,"P.O. Box 761, 5369 Vulputate, St.",Male,50646,08-Nov-2011,0,61,102
65,Nell,P.,Owens,2599 Eget Street,Male,86765,10-Feb-2014,1,61,102
66,Ahmed,Q.,Hurst,885-4550 Dapibus Rd.,Male,93758,09-Jul-2010,2,61,102
67,Malachi,T.,Cotton,5386 Libero Rd.,Male,89810,05-Jan-2015,0,61,102
68,Risa,U.,Branch,"P.O. Box 791, 2596 Gravida St.",Female,97283,23-Dec-2012,1,61,102
69,Kaden,Y.,Waller,Ap #606-9307 Ultrices St.,Male,49440,10-Apr-2014,2,61,102
70,Sophia,Z.,Combs,487 Lectus Rd.,Female,68764,16-Feb-2015,0,61,102
71,Selma,R.,Bowman,"P.O. Box 419, 2188 Elit Road",Female,120000,07-Jun-2015,1,71,102
72,Philip,S.,Potts,258-1683 Consequat Rd.,Male,92250,19-Nov-2010,2,71,102
73,Ariana,V.,Guzman,Ap #380-6572 Duis St.,Female,36202,25-Oct-2013,0,71,102
74,Phillip,W.,Sims,"P.O. Box 260, 3840 Facilisis, St.",Male,78954,18-Sep-2010,1,71,102
75,Natalie,X.,Benson,7426 Urna St.,Female,79845,07-Mar-2010,2,71,102
76,Dustin,C.,Santos,8339 Convallis Ave,Male,84259,27-Oct-2011,0,71,102
77,Claire,E.,Castaneda,"Ap #741-6554 At, Rd.",Female,58079,13-Nov-2010,1,71,102
78,Rajah,F.,Pollard,897-3558 Aenean Av.,Male,95865,31-Oct-2010,2,71,102
79,Imogene,I.,Mcdonald,1111 Mi St.,Female,48116,23-Aug-2013,0,71,102
80,Willow,G.,Glass,6070 Nunc Av.,Female,30501,28-Jul-2011,1,71,102
81,Lane,H.,Mercer,"P.O. Box 396, 1216 Morbi Avenue",Male,120000,01-Oct-2014,2,81,102
82,Pascale,J.,Benton,280 Integer St.,Male,51389,14-Feb-2010,0,81,102
83,Serena,K.,Gilliam,2783 Ligula. Rd.,Female,33217,24-Aug-2010,1,81,102
84,Anne,L.,Alvarado,Ap #841-2677 Massa. Rd.,Female,50214,06-Mar-2015,2,81,102
85,Scott,A.,Livingston,5350 Est Ave,Male,98961,16-Oct-2010,0,81,102
86,Marah,B.,Hawkins,Ap #172-2080 Parturient Road,Female,119566,11-Dec-2013,1,81,102
87,Xerxes,M.,Vincent,227-5062 Fusce Road,Male,77271,28-Jan-2013,2,81,102
88,Sade,N.,Newton,Ap #321-1002 Lacinia. Rd.,Female,78938,11-Aug-2012,0,81,102
89,Phyllis,O.,Farrell,5482 Ante Av.,Female,81591,07-Apr-2014,1,81,102
90,Quamar,P.,Delgado,"P.O. Box 534, 733 Facilisi. Avenue",Male,39900,27-Aug-2013,2,81,102
91,Christian,Q.,Holden,"818-4369 Ante, Road",Male,120000,29-Mar-2010,0,91,102
92,Lois,T.,Decker,Ap #988-1623 Sem Street,Male,83664,03-Jul-2012,1,91,102
93,Warren,U.,Booth,4602 Vehicula Avenue,Male,79762,20-Jul-2015,2,91,102
94,Reagan,Y.,Flowers,9964 Lacus Av.,Male,77805,20-Nov-2014,0,91,102
95,Wynter,Z.,Park,Ap #660-2658 A St.,Female,116517,30-Apr-2013,1,91,102
96,Ezekiel,R.,Hawkins,Ap #912-8118 Diam Avenue,Male,96601,16-Oct-2012,2,91,102
97,Celeste,S.,House,277-5022 Pharetra. St.,Female,40788,29-Oct-2014,0,91,102
98,Hilel,V.,Mccray,Ap #839-3017 Quis Av.,Male,95487,27-Aug-2010,1,91,102
99,Eleanor,W.,Hancock,Ap #220-2109 A Ave,Female,59980,16-Feb-2014,2,91,102
100,Sylvester,C.,Morrow,Ap #338-1004 Curabitur Road,Male,119777,05-Jan-2010,0,91,103
101,MacKensie,E.,Tran,799 Est Ave,Female,120000,21-Dec-2014,1,101,103
102,Kaitlin,F.,Houston,258 Fermentum Street,Female,31034,10-Jun-2014,2,101,103
103,Amethyst,I.,Dennis,"P.O. Box 681, 9059 Velit. Ave",Female,87150,28-Mar-2012,0,101,103
104,Jarrod,G.,Horton,443-1880 Arcu. Avenue,Male,66511,28-Dec-2012,1,101,103
105,Alexandra,H.,Johnson,"P.O. Box 722, 3456 Aliquet Road",Female,87025,23-Aug-2010,2,101,103
106,Carla,J.,Mcdowell,"5261 Eleifend, Rd.",Female,61615,24-Sep-2010,0,101,103
107,Ralph,K.,Cole,"P.O. Box 777, 3186 Felis. Avenue",Male,113283,18-Aug-2013,1,101,103
108,Irene,L.,Coleman,Ap #185-1662 Per St.,Female,106344,12-Feb-2010,2,101,103
109,Holly,A.,Long,Ap #498-9011 Eget Av.,Female,51868,29-Apr-2013,0,101,103
110,Kimberly,B.,Parker,"P.O. Box 962, 8110 Eget Rd.",Female,70489,25-Jun-2015,1,101,103
111,Serena,M.,Barron,"211-980 Elit, Rd.",Female,120000,20-Dec-2012,2,111,103
112,Sybill,N.,Petty,179-3812 Facilisis St.,Male,28072,14-Feb-2012,0,111,103
113,Reed,O.,Riley,578-4843 Erat Rd.,Male,40165,18-Jul-2011,1,111,103
114,Conan,P.,Ryan,5890 Quisque Ave,Male,85488,11-Jan-2010,2,111,103
115,Serena,Q.,Head,246-3570 Cursus Av.,Female,76854,17-Feb-2015,0,111,103
116,Kelly,T.,West,4172 Ultrices Road,Female,84221,14-Nov-2010,1,111,103
117,Marvin,U.,Salinas,951-1655 Consectetuer Ave,Male,66513,29-Oct-2015,2,111,103
118,Angelica,Y.,Armstrong,"P.O. Box 211, 2717 Sapien, Road",Female,31946,24-Nov-2013,0,111,103
119,Vivian,Z.,Tate,Ap #400-7601 Sed Rd.,Female,73247,14-Jun-2014,1,111,103
120,Zoe,R.,Ryan,3564 Ut Ave,Female,51078,07-Mar-2012,2,111,103
121,Alea,S.,Jensen,Ap #925-9596 Vel Rd.,Female,120000,21-Apr-2012,0,121,103
122,Candace,V.,Chapman,3700 Nisi Rd.,Female,54464,04-Mar-2010,1,121,103
123,Cruz,W.,Buckner,Ap #678-4556 Tellus St.,Male,88388,31-May-2011,2,121,103
124,Ivy,X.,Guzman,"P.O. Box 313, 857 Pede Av.",Female,113176,18-Mar-2013,0,121,103
125,Georgia,C.,Lowe,6814 Ultricies St.,Female,103549,19-Oct-2014,1,121,103
126,Sacha,E.,Meyer,"P.O. Box 998, 9830 Nullam Road",Female,48805,23-Oct-2010,2,121,103
127,Cheryl,F.,Weaver,641-3347 Suspendisse Avenue,Female,40915,09-Aug-2010,0,121,103
128,Hu,I.,Burris,538-9620 Integer Avenue,Male,98730,05-Nov-2010,1,121,103
129,Cheyenne,G.,Baxter,"P.O. Box 231, 6691 Placerat, Road",Female,68966,24-Sep-2010,2,121,103
130,Cyrus,H.,Munoz,Ap #608-2607 Dolor Av.,Male,57523,10-Jul-2010,0,121,103
131,Hayes,J.,Winters,8274 Mauris Avenue,Male,120000,29-Jun-2012,1,131,103
132,Harding,K.,Keith,"P.O. Box 715, 9688 Ac Road",Male,111171,07-Jun-2015,2,131,103
133,Cruz,L.,Stanley,2455 Sed Street,Male,73664,04-Oct-2014,0,131,103
134,Britanni,A.,Griffin,"P.O. Box 671, 9955 Ante St.",Female,44929,10-Feb-2012,1,131,103
135,Alvin,B.,Bush,262-5020 Lectus Street,Male,90859,10-Jan-2013,2,131,103
136,Yoshi,M.,Hutchinson,Ap #931-5535 In St.,Male,114036,13-Sep-2013,0,131,103
137,Alexander,N.,Acevedo,Ap #845-8324 Mus. Rd.,Male,28214,09-Jul-2013,1,131,103
138,Cecilia,O.,Dillard,Ap #230-7648 Fusce Road,Female,113271,08-May-2011,2,131,103
139,Burton,P.,Cochran,1053 Augue Road,Male,47522,14-Oct-2010,0,131,103
140,Samantha,Q.,Harrington,Ap #387-7526 Arcu. Rd.,Female,102366,14-Oct-2014,1,131,103
141,Montana,T.,Mclean,"P.O. Box 819, 6469 Diam Rd.",Female,120000,20-Dec-2010,2,141,103
142,Sigourney,U.,Sheppard,775-6523 Nulla Rd.,Male,64615,28-Dec-2013,0,141,103
143,Kimberley,Y.,Carver,"Ap #869-8238 Eu, Avenue",Female,77119,18-Sep-2015,1,141,103
144,Skyler,Z.,Beard,366-1006 Duis St.,Male,58454,06-Nov-2011,2,141,103
145,Kimberly,R.,Stevenson,8914 Praesent Avenue,Female,119034,07-Jul-2013,0,141,103
146,Pascale,S.,Henry,3847 Velit St.,Male,67617,04-Feb-2014,1,141,103
147,Willa,V.,Mack,4091 Imperdiet Avenue,Female,90530,21-Oct-2014,2,141,103
148,Sara,W.,Clayton,8220 Cubilia St.,Female,28021,10-May-2015,0,141,103
149,Eliana,X.,Sherman,1755 Pellentesque Rd.,Female,43848,16-Apr-2010,1,141,103
150,Joy,C.,Raymond,7776 Nec Av.,Female,40986,21-May-2013,2,141,103
151,Lee,D.,Blake,Ap #924-9717 Fringilla Av.,Male,120000,23-Jul-2016,0,151,104
152,Gillian,E.,Carson,Ap #596-7533 Quisque Rd.,Male,67488,04-Apr-2012,0,151,104
153,Kaye,H.,Workman,Ap #467-8608 Tellus. St.,Female,28659,27-Mar-2011,0,151,104
154,Brock,I.,Gay,"P.O. Box 795, 9854 Et, Road",Male,53374,19-May-2010,0,151,104
155,Dylan,F.,Cameron,444-1249 Fermentum Rd.,Male,100784,21-Apr-2012,0,151,104
156,Lillian,A.,Stark,"P.O. Box 296, 5200 Amet Avenue",Female,112549,01-Jun-2011,0,151,104
157,Unity,B.,Allison,"P.O. Box 945, 3621 Sed Rd.",Female,110028,13-Aug-2010,0,151,104
158,Angela,C.,Sanchez,Ap #637-3213 Tortor Road,Female,35042,01-Aug-2015,0,151,104
159,Moses,G.,Shelton,"P.O. Box 355, 3962 Amet Street",Male,33494,11-Mar-2014,0,151,104
160,Sybill,J.,Mcmillan,"Ap #323-3896 Non, Street",Male,111969,22-Aug-2011,0,151,104
161,Pascale,K.,Mcgee,9372 Ornare St.,Male,120000,06-Feb-2012,0,161,104
162,Fallon,L.,Cole,3996 Erat Rd.,Male,77986,31-Mar-2011,0,161,104
163,Kessie,M.,Brock,970-8055 Aenean Rd.,Female,42400,17-Nov-2014,0,161,104
164,September,N.,Rivas,8748 Massa Rd.,Female,39478,08-Jan-2010,0,161,104
165,Martena,R.,Griffith,"P.O. Box 134, 4413 Mi Street",Female,55666,15-Jun-2010,0,161,104
166,Dorothy,S.,Frazier,Ap #533-5374 Rutrum Street,Female,25309,15-Jul-2012,0,161,104
167,Cain,U.,Wells,"P.O. Box 264, 6669 Lacinia St.",Male,104040,13-Aug-2014,0,161,104
168,Emery,V.,Garrett,Ap #154-1824 Sit St.,Male,100606,06-Dec-2011,0,161,104
169,Illiana,W.,Calhoun,2029 Enim Street,Female,41556,12-Feb-2012,0,161,104
170,Alfreda,T.,Hubbard,946-3239 Magnis Road,Female,57729,13-Aug-2011,0,161,104
171,Cherokee,O.,Boyd,"P.O. Box 643, 421 Auctor St.",Male,120000:,18-Mar-2013,0,171,104
172,Guinevere,P.,Hanson,Ap #484-1950 Pede Avenue,Female,99137,31-Mar-2012,0,171,104
173,Quintessa,X.,Small,217-9000 Nam Avenue,Female,107637,12-Jun-2014,0,171,104
174,Todd,Y.,Richard,Ap #474-7391 Blandit Rd.,Male,53532,12-Dec-2012,0,171,104
175,Ruby,Z.,Stout,373-2411 In Av.,Female,25509,30-Apr-2015,0,171,104
176,Olympia,Q.,Bass,4525 Bibendum Road,Female,107777,29-Aug-2014,0,171,104
177,Casey,D.,Walter,110-8634 Sagittis Street,Male,53633,18-Nov-2010,0,171,104
178,Amelia,E.,Beck,"4894 Sem, Rd.",Female,71376,14-Jul-2014,0,171,104
179,Shafira,H.,Graves,"P.O. Box 707, 1822 Litora Rd.",Female,116369,25-Sep-2012,0,171,104
180,Nora,I.,Raymond,4407 Commodo Street,Female,120000,04-Feb-2011,0,171,104
181,Amir,F.,Thornton,"P.O. Box 455, 3213 Integer Street",Male,33500,13-Jan-2016,0,181,104
182,Ciara,A.,Gilbert,"P.O. Box 381, 5980 Nunc, St.",Female,33198,25-Oct-2016,0,181,104
183,Maya,B.,Guerrero,120-6748 Sit St.,Female,91689,08-Jan-2011,0,181,104
184,Fritz,C.,Kelly,Ap #803-3543 Curabitur St.,Male,92212,07-Jul-2010,0,181,104
185,Sydney,G.,Stanton,839-859 Donec St.,Male,77984,26-May-2011,0,181,104
186,Abigail,J.,Everett,"145-7455 Vulputate, Road",Female,108531,09-Jan-2010,0,181,104
187,Dacey,K.,Fernandez,Ap #457-4721 Elementum Ave,Female,106162,16-Jun-2014,0,181,104
188,Emma,L.,Mcmillan,8732 Elit Rd.,Female,79443,25-Jul-2011,0,181,104
189,Tarik,M.,Acevedo,550-6319 Tellus Rd.,Male,97376,19-Aug-2013,0,181,104
190,Laurel,N.,Cochran,"P.O. Box 179, 5787 A, Ave",Female,92241,03-Nov-2010,0,181,104
191,Damian,R.,Mann,837-8676 Semper St.,Male,120000,19-Apr-2014,0,191,104
192,Brady,S.,Holmes,8207 Tincidunt Street,Male,44848,28-Jan-2016,0,191,104
193,Kadeem,U.,Cabrera,2029 Praesent Ave,Male,28288,24-Sep-2012,0,191,104
194,Selma,V.,Wise,4646 Nascetur Road,Female,106484,25-Oct-2010,0,191,104
195,Vivien,W.,Battle,"P.O. Box 551, 3304 Lacus. Ave",Female,83503,14-Sep-2015,0,191,104
196,Nadine,T.,Boyer,456-5938 Posuere St.,Female,106403,29-Sep-2013,0,191,104
197,Chaney,O.,Combs,Ap #748-4140 Diam. St.,Male,26447,11-Feb-2012,0,191,104
198,Skyler,P.,Banks,Ap #369-5444 Tortor Rd.,Male,36227,28-Oct-2016,0,191,104
199,Alyssa,X.,Warner,Ap #925-5266 Metus. St.,Female,62573,17-Feb-2013,0,191,104
200,Kai,Y.,Baxter,Ap #427-155 Lacus. Ave,Male,42830,13-Jun-2014,0,191,104
201,Aurora,Z.,Russo,427-2011 Nisi Avenue,Female,120000,03-Mar-2010,0,201,105
202,Maryam,Q.,Taylor,"P.O. Box 344, 8418 Ac Avenue",Male,73395,04-Aug-2011,0,201,105
203,Brendan,D.,Rogers,"P.O. Box 823, 5340 Est, St.",Male,104900,15-Aug-2010,0,201,105
204,Idola,E.,Rosario,"Ap #570-3348 Tincidunt, Ave",Female,77830,02-Jan-2012,0,201,105
205,Matthew,H.,Wilkerson,Ap #224-8373 Egestas Av.,Male,35193,31-Aug-2015,0,201,105
206,Clark,I.,Higgins,"P.O. Box 161, 4308 Quisque Av.",Male,80611,05-Jun-2015,0,201,105
207,Ryder,F.,Witt,"P.O. Box 862, 487 Morbi Avenue",Male,93154,14-Feb-2011,0,201,105
208,Cassady,A.,Padilla,"Ap #653-1577 Orci, Av.",Female,44410,09-Dec-2011,0,201,105
209,Kalia,B.,Hopper,1012 Sem Av.,Female,38399,21-May-2015,0,201,105
210,Carissa,C.,Barton,Ap #323-4925 Eros. Rd.,Female,28700,02-Sep-2015,0,201,105
211,Adena,G.,Oneill,1797 Congue. Rd.,Female,120000,09-Sep-2015,0,211,105
212,Rae,J.,Travis,Ap #960-7439 Amet Street,Female,32500,12-Aug-2010,0,211,105
213,Tanek,K.,Newton,511-6644 Aliquet. St.,Male,83152,09-Dec-2010,0,211,105
214,Jade,L.,Maldonado,Ap #125-4742 Faucibus St.,Female,75430,14-Feb-2010,0,211,105
215,Keegan,M.,Sexton,Ap #656-637 At Avenue,Male,115805,30-Apr-2013,0,211,105
216,Ina,N.,Pickett,Ap #351-9983 Non Rd.,Female,117592,17-May-2014,0,211,105
217,Addison,R.,Mclaughlin,2160 Ut Avenue,Male,78712,20-Aug-2014,0,211,105
218,Deborah,S.,Lynn,1696 Amet Avenue,Female,115945,11-Aug-2015,0,211,105
219,Courtney,U.,Lewis,774-4878 Neque. Rd.,Female,118684,11-Nov-2011,0,211,105
220,Jelani,V.,Barnes,813-5654 Adipiscing Rd.,Female,91893,25-Oct-2010,0,211,105
221,Baker,W.,Sheppard,"846-2223 Dolor, St.",Male,120000,29-Nov-2013,0,221,105
222,Abbot,T.,Cain,Ap #114-2813 Quis Av.,Male,100492,05-Feb-2012,0,221,105
223,Carla,O.,Price,"P.O. Box 251, 8519 Nunc Rd.",Female,25253,17-Jul-2014,0,221,105
224,Edward,P.,Buckner,"P.O. Box 773, 1199 In Rd.",Male,103499,02-Jun-2011,0,221,105
225,Hakeem,X.,Spence,"P.O. Box 337, 8178 Natoque Street",Male,91121,01-Jul-2012,0,221,105
226,Xenos,Y.,Lancaster,247-6547 Nec Rd.,Male,48458,07-Dec-2012,0,221,105
227,Irma,Z.,Salas,925 Nec St.,Female,61408,25-Aug-2012,0,221,105
228,Basia,Q.,Cooke,873-8794 Mus. Av.,Female,84515,20-Sep-2015,0,221,105
229,Zelda,D.,Talley,603-9147 Mauris Avenue,Female,52596,14-Jul-2014,0,221,105
230,Aspen,E.,Weiss,455-1597 Ac Ave,Female,41933,12-Feb-2011,0,221,105
231,Uma,H.,Williamson,"P.O. Box 278, 6887 Cum St.",Female,120000,05-Oct-2011,0,231,105
232,Lavinia,I.,Schroeder,445-1491 Nulla Street,Female,75050,26-Nov-2012,0,231,105
233,Kelly,F.,Banks,"P.O. Box 984, 4306 Tempus Ave",Male,78258,02-Jun-2012,0,231,105
234,Hilel,A.,Contreras,7267 At Street,Male,118132,21-Jul-2011,0,231,105
235,Zephania,B.,Daniel,Ap #613-2322 Dolor. St.,Female,58018,20-Dec-2012,0,231,105
236,Genevieve,C.,Vaughn,106 Aliquam Avenue,Female,87692,25-Oct-2016,0,231,105
237,Jonas,G.,Calhoun,9322 Aenean Rd.,Male,78033,12-Aug-2010,0,231,105
238,Velma,J.,Daugherty,"P.O. Box 737, 4751 Lobortis Street",Female,75102,01-Aug-2015,0,231,105
239,Vladimir,K.,Fisher,Ap #136-5221 Primis Av.,Male,34194,05-Apr-2012,0,231,105
240,Karen,L.,Slater,"P.O. Box 191, 1301 Eu St.",Female,89860,06-Jun-2013,0,231,105
241,Audra,M.,Cervantes,9490 Lacinia St.,Female,120000,09-Oct-2010,0,241,105
242,Erasmus,N.,Burgess,4354 Ullamcorper. Rd.,Male,43010,22-Oct-2014,0,241,105
243,Maggie,R.,Cook,977-8924 Tincidunt St.,Female,80203,08-Sep-2010,0,241,105
244,Chantale,S.,Bond,Ap #330-5099 Ridiculus Av.,Female,84147,16-Dec-2014,0,241,105
245,Mia,U.,Cannon,"P.O. Box 768, 4677 Diam Street",Female,117117,19-Oct-2015,0,241,105
246,Amery,V.,Carpenter,9062 Tristique Ave,Male,37699,08-Jun-2010,0,241,105
247,Gay,W.,Jenkins,"P.O. Box 384, 2725 Elementum, St.",Male,107590,01-Jan-2010,0,241,105
248,Nelle,T.,Potts,Ap #557-6756 Sed Avenue,Male,65478,09-Mar-2010,0,241,105
249,Leroy,O.,Rocha,"P.O. Box 945, 2962 At, Rd.",Male,102066,19-Dec-2014,0,241,105
250,Kendall,P.,Shepard,9127 Feugiat Road,Male,57619,04-Aug-2012,0,241,105
251,Kaitlin,D.,Hartman,Ap #318-8818 Mauris St.,Female,120000,31-Jan-2014,0,251,106
252,Avram,E.,Copeland,Ap #343-5576 Facilisis Rd.,Male,43226,12-Sep-2013,0,251,106
253,Christian,H.,Lee,234-1402 Nec Avenue,Male,54955,29-Jul-2013,0,251,106
254,Darryl,I.,Sims,"P.O. Box 375, 4898 Sem Rd.",Male,62722,12-Sep-2015,0,251,106
255,Harper,F.,Pacheco,"Ap #190-6462 Tempor, Ave",Male,50750,30-Mar-2014,0,251,106
256,Holly,A.,Mccarty,Ap #339-8877 Egestas. Rd.,Female,88366,14-Dec-2010,0,251,106
257,Farrah,B.,Sweet,Ap #942-6175 Per St.,Female,25181,05-Jun-2016,0,251,106
258,Flavia,C.,Rodgers,Ap #259-7426 Cras Road,Female,85877,08-Dec-2015,0,251,106
259,Serina,G.,Bush,418-4254 Nulla Street,Female,33851,04-Jul-2011,0,251,106
260,Anne,J.,Richardson,1849 Faucibus St.,Female,60973,15-Aug-2012,0,251,106
261,John,K.,Santos,"Ap #118-7383 Nec, Av.",Male,120000,13-Jun-2011,0,261,106
262,Ivy,L.,Mack,Ap #363-2680 Nunc Rd.,Female,36268,23-Aug-2016,0,261,106
263,Fay,M.,Bishop,"3107 Purus, Road",Female,62221,17-Aug-2014,0,261,106
264,Hayden,N.,Lester,6315 Nunc. St.,Male,68968,21-Jan-2016,0,261,106
265,Upton,R.,Byrd,Ap #776-4786 Felis. St.,Male,80938,13-Oct-2016,0,261,106
266,Simon,S.,Kim,"P.O. Box 282, 1832 Sed Street",Male,114773,12-Aug-2011,0,261,106
267,Otto,U.,Moore,Ap #932-7959 Praesent Street,Male,42339,20-Nov-2010,0,261,106
268,Theodore,V.,Carroll,5707 Nibh. Rd.,Male,79112,09-Sep-2013,0,261,106
269,Charlotte,W.,Rodriquez,679-3039 Neque Rd.,Female,105650,07-May-2010,0,261,106
270,Berk,T.,Washington,"P.O. Box 420, 683 Ultrices Avenue",Male,55852,02-Nov-2016,0,261,106
271,Kadeem,O.,Hodge,"Ap #643-1663 Amet, Ave",Male,120000,03-Apr-2016,0,271,106
272,Sonia,P.,Dunlap,Ap #988-9503 Nullam Av.,Female,93954,07-Feb-2014,0,271,106
273,Callie,X.,Bonner,355-562 Cursus Street,Female,110043,23-Feb-2014,0,271,106
274,Finn,Y.,Schmidt,"P.O. Box 566, 9212 Curabitur Road",Male,62230,21-Jun-2016,0,271,106
275,Lewis,Z.,Pearson,442-5208 Molestie St.,Male,105061,18-Mar-2016,0,271,106
276,Mollie,Q.,Martin,919 Mauris St.,Female,109225,18-Oct-2011,0,271,106
277,Benedict,D.,Joseph,Ap #118-3921 Erat St.,Male,90509,15-Apr-2015,0,271,106
278,Charissa,E.,Hanson,"P.O. Box 847, 8192 Nibh. St.",Female,26917,11-Oct-2012,0,271,106
279,Byron,H.,Byers,4637 Sodales. St.,Male,82487,12-May-2014,0,271,106
280,Taylor,I.,Quinn,Ap #504-1009 Phasellus Ave,Male,36340,28-Oct-2012,0,271,106
281,Howard,F.,Wilkins,"P.O. Box 506, 7025 Turpis Rd.",Male,120000,21-Oct-2014,0,281,106
282,Burke,A.,Oliver,494-8492 Non St.,Male,109241,31-Dec-2011,0,281,106
283,Reuben,B.,Wilcox,2345 Interdum Av.,Male,43582,01-Sep-2010,0,281,106
284,Daria,C.,Marks,"P.O. Box 268, 282 Fames Rd.",Female,64968,07-Apr-2013,0,281,106
285,Cedric,G.,Bridges,616-4057 Quisque St.,Male,44223,02-Dec-2014,0,281,106
286,Blythe,J.,Meadows,"Ap #433-7255 Non, Av.",Male,35285,24-Jan-2010,0,281,106
287,Halla,K.,Mcmillan,7702 Orci Avenue,Female,116532,24-Nov-2013,0,281,106
288,Gil,L.,Leon,"P.O. Box 926, 5802 Nunc Street",Male,92513,07-Mar-2015,0,281,106
289,Keefe,M.,Dean,7359 Metus Rd.,Male,50858,21-Oct-2010,0,281,106
290,Indigo,N.,Marshall,"238-3411 Elit, Avenue",Male,110364,09-Jun-2013,0,281,106
291,Shannon,R.,Clements,"611-7553 Pede, Av.",Female,120000,08-Sep-2011,0,291,106
292,Amethyst,S.,Mendoza,"P.O. Box 626, 9647 Ac Road",Female,55376,06-Sep-2012,0,291,106
293,Hayfa,U.,Chaney,"P.O. Box 387, 8583 Cras Ave",Male,119351,29-Jun-2015,0,291,106
294,Fuller,V.,Harding,Ap #539-1765 Eleifend Avenue,Male,57311,25-Apr-2014,0,291,106
295,Akeem,W.,Brennan,"P.O. Box 734, 1365 Cursus Rd.",Male,57919,21-Nov-2014,0,291,106
296,Danielle,T.,Maxwell,8677 Imperdiet Avenue,Female,109037,02-Feb-2010,0,291,106
297,Dennis,O.,Lott,Ap #412-6362 Cras Street,Male,33404,23-Jan-2011,0,291,106
298,Jakeem,P.,Byers,508-4366 Sed St.,Male,79561,20-Aug-2015,0,291,106
299,Candice,X.,Curry,Ap #946-7215 Vel Road,Female,65749,27-Apr-2010,0,291,106
300,Luke,Y.,Chase,Ap #592-2006 Non St.,Male,64290,03-Feb-2010,0,291,106
301,Leslie,Z.,Dyer,823-9964 Viverra. Street,Female,120000,27-Aug-2012,0,301,107
302,Rigel,Q.,Huff,7466 Ac Rd.,Male,33413,19-Apr-2014,0,301,107
303,Alice,D.,Dunlap,197-7865 Ac Road,Female,87224,16-Jan-2013,0,301,107
304,Honorato,E.,Huff,Ap #722-3954 Quisque Av.,Male,105259,15-Feb-2014,0,301,107
305,Rose,H.,Horn,923-2072 Quis Ave,Female,87458,08-Jan-2014,0,301,107
306,Naomi,I.,Heath,"P.O. Box 295, 5171 Nulla Avenue",Female,108716,11-May-2016,0,301,107
307,Ori,F.,Bowman,887-5103 Nunc St.,Male,79520,24-Jan-2011,0,301,107
308,Claire,A.,Pearson,"8494 A, Rd.",Female,106022,17-Aug-2011,0,301,107
309,Gabriel,B.,Valdez,748-1389 Vitae St.,Male,40788,23-Jul-2010,0,301,107
310,Idona,C.,Kerr,644-1560 Vel St.,Female,55550,30-Dec-2012,0,301,107
311,Winter,G.,Dotson,536-9730 Sed Rd.,Female,120000,22-Aug-2016,0,311,107
312,Marcia,J.,Buchanan,"P.O. Box 124, 8966 Nonummy Rd.",Female,35653,08-May-2015,0,311,107
313,Fuller,K.,Skinner,1458 Leo. Street,Male,98011,19-Dec-2015,0,311,107
314,Marshall,L.,Hall,4927 Interdum. Ave,Male,100563,20-Sep-2010,0,311,107
315,Nyssa,M.,Donovan,"P.O. Box 249, 6671 Commodo Ave",Female,65791,04-May-2010,0,311,107
316,Rina,N.,Larsen,Ap #986-3652 Etiam St.,Female,40663,08-Apr-2015,0,311,107
317,Hector,R.,Andrews,7099 Est St.,Male,41295,27-Aug-2014,0,311,107
318,Mechelle,S.,Stephens,Ap #805-7174 Pharetra Avenue,Female,66596,25-Nov-2012,0,311,107
319,Adena,U.,Navarro,Ap #423-9854 Pede Road,Female,97010,26-Apr-2014,0,311,107
320,Alisa,V.,Hutchinson,"P.O. Box 773, 4340 Urna Rd.",Female,30912,01-Dec-2013,0,311,107
321,Holmes,W.,May,"P.O. Box 492, 7966 Sit St.",Male,120000,23-Oct-2011,0,321,107
322,Keelie,T.,Anthony,Ap #394-1982 Lorem Avenue,Male,103097,28-Nov-2011,0,321,107
323,Madonna,O.,Rivers,"P.O. Box 247, 8224 Turpis. Av.",Female,64108,16-Oct-2012,0,321,107
324,Renee,P.,Albert,975-9922 Morbi Rd.,Female,115029,18-Jan-2011,0,321,107
325,Hamilton,X.,Pace,8156 Diam Road,Male,117717,30-Jan-2011,0,321,107
326,Barrett,Y.,Hart,776-4285 Donec Avenue,Male,112461,19-Nov-2013,0,321,107
327,Iona,Z.,Rodgers,8901 Sapien Ave,Female,92498,24-Oct-2010,0,321,107
328,Maile,Q.,Shannon,Ap #938-6578 Imperdiet Ave,Female,66203,11-Jul-2015,0,321,107
329,Carla,D.,Clay,140 Sed St.,Female,108358,23-Jan-2012,0,321,107
330,Harriet,E.,Sparks,"9767 Non, St.",Female,94809,31-May-2013,0,321,107
331,Shay,H.,Giles,"P.O. Box 218, 7161 Ipsum Ave",Male,120000,03-Apr-2016,0,331,107
332,Hamish,I.,Dixon,3539 Ante Ave,Male,44873,27-Dec-2014,0,331,107
333,Julie,F.,Cotton,6717 Ornare Rd.,Female,65544,05-Jul-2012,0,331,107
334,Dakota,A.,Frye,Ap #376-8848 Nunc Street,Female,33632,10-Dec-2012,0,331,107
335,Jason,B.,Vargas,"P.O. Box 227, 3398 Nascetur Av.",Male,82006,05-Mar-2016,0,331,107
336,Fiona,C.,Barnett,5832 Facilisis Ave,Female,115503,04-Mar-2014,0,331,107
337,Hayden,G.,Valdez,"1226 Amet, St.",Male,115433,02-May-2016,0,331,107
338,Winter,J.,Kidd,2246 Sed Rd.,Male,76572,26-Oct-2016,0,331,107
339,Cleo,K.,Castillo,Ap #778-8902 Magnis Avenue,Female,93321,17-Aug-2011,0,331,107
340,Aurelia,L.,Odom,720-5974 In Road,Female,49301,05-Sep-2012,0,331,107
341,Katelyn,M.,Walker,"Ap #553-7464 Laoreet, Rd.",Female,120000,08-May-2014,0,341,107
342,Unity,N.,Barber,412-3629 Malesuada Avenue,Female,80249,03-Dec-2011,0,341,107
343,Indira,R.,Madden,2265 Ut St.,Female,117838,11-Jul-2012,0,341,107
344,Barclay,S.,Bradshaw,Ap #566-2294 Et St.,Male,54397,10-Nov-2010,0,341,107
345,Hayley,U.,Franklin,"P.O. Box 289, 506 Diam. St.",Female,60178,22-Apr-2011,0,341,107
346,Brittany,V.,Adams,Ap #939-7582 Interdum. Road,Female,110109,27-Jan-2011,0,341,107
347,Nigel,W.,Rush,"P.O. Box 310, 6040 Fringilla Rd.",Male,36950,22-Sep-2011,0,341,107
348,Kenneth,T.,Nicholson,"P.O. Box 136, 5686 Eu, Ave",Male,66025,27-Oct-2012,0,341,107
349,Dora,O.,Griffin,Ap #711-6639 At Ave,Female,30965,14-Aug-2015,0,341,107
350,Justine,P.,Chapman,"Ap #865-4769 At, Rd.",Female,93089,03-Feb-2015,0,341,107
351,Dominic,D.,Mcclain,"P.O. Box 915, 7202 Orci Rd.",Male,120000,22-Dec-2015,0,351,108
352,Britanney,E.,Crawford,638-4810 Eu Rd.,Female,100837,30-Aug-2011,0,351,108
353,Ross,H.,Finley,Ap #883-1804 Cursus Rd.,Male,72895,14-Jun-2014,0,351,108
354,Signe,I.,Pace,9831 Ornare St.,Male,73409,13-Nov-2010,0,351,108
355,Rhea,F.,Orr,Ap #745-5317 Ipsum. Rd.,Female,95757,12-Apr-2014,0,351,108
356,Shannon,A.,Spears,"P.O. Box 572, 6918 Mauris Ave",Female,113986,05-Aug-2011,0,351,108
357,Delilah,B.,Patterson,Ap #698-4135 Dolor St.,Female,110704,21-Oct-2012,0,351,108
358,Britanni,C.,Lyons,711-6927 Amet Ave,Female,85657,23-Jul-2011,0,351,108
359,Todd,G.,Vance,3269 Donec Avenue,Male,101788,28-Mar-2012,0,351,108
360,Ocean,J.,Chavez,422-7626 Mi Av.,Female,75325,08-Feb-2012,0,351,108
361,Jael,K.,House,"P.O. Box 336, 1462 Vulputate St.",Male,120000,21-Jan-2011,0,361,108
362,Carla,L.,Richard,"5602 Dui, St.",Female,115143,18-Jul-2014,0,361,108
363,Vielka,M.,Levy,7193 Semper Street,Female,88711,28-Feb-2015,0,361,108
364,Indira,N.,Patterson,277-3499 Curabitur Road,Female,104276,05-Apr-2010,0,361,108
365,Lacey,R.,Winters,Ap #266-5596 Aenean Rd.,Female,98776,29-Oct-2010,0,361,108
366,David,S.,Powell,6177 Pretium Rd.,Male,115017,15-Apr-2015,0,361,108
367,Xerxes,U.,Cote,"4267 Sed, Road",Male,69750,25-Sep-2015,0,361,108
368,Julian,V.,Patel,Ap #773-574 Per Av.,Male,84339,15-Aug-2014,0,361,108
369,Shelly,W.,Nielsen,Ap #553-2751 Ut Road,Female,28446,22-Mar-2010,0,361,108
370,Fuller,T.,Glover,"P.O. Box 849, 6571 Ornare Avenue",Male,109368,21-Jul-2015,0,361,108
371,Brandon,O.,Reid,344-5851 Pellentesque Rd.,Male,120000,28-Apr-2012,0,371,108
372,Gavin,P.,Barron,"5106 Mauris, Rd.",Male,107844,25-Feb-2015,0,371,108
373,Hakeem,X.,Wheeler,"7372 Fringilla, St.",Male,111951,08-Dec-2014,0,371,108
374,Brandon,Y.,Davidson,"P.O. Box 804, 212 Nascetur Avenue",Male,43732,24-Feb-2010,0,371,108
375,Mira,Z.,Duran,Ap #881-1734 At St.,Female,31593,24-Feb-2015,0,371,108
376,Galvin,Q.,Williamson,"P.O. Box 500, 7710 Cursus Street",Male,75769,21-Jan-2012,0,371,108
377,Harrison,D.,Morse,5774 Scelerisque Rd.,Male,109748,31-Aug-2011,0,371,108
378,Nadine,E.,Padilla,399-7520 Suspendisse Av.,Female,76457,12-Mar-2011,0,371,108
379,Ainsley,H.,Mack,770-978 Morbi Rd.,Male,49243,10-Mar-2015,0,371,108
380,Theodore,I.,Weeks,"3387 Nec, Road",Male,59409,19-Sep-2013,0,371,108
381,Tanek,F.,Church,436-2523 Et Av.,Male,120000,22-Apr-2012,0,381,108
382,Callum,A.,Sears,383-1361 Tincidunt Rd.,Male,68455,28-Aug-2013,0,381,108
383,Hammett,B.,Campbell,843-7539 Dui Rd.,Male,77060,26-Mar-2010,0,381,108
384,Olga,C.,Norris,"P.O. Box 477, 6988 Tempor Rd.",Female,47159,14-Feb-2010,0,381,108
385,Inga,G.,Hayes,9352 Mollis St.,Female,68794,28-Jan-2012,0,381,108
386,Nayda,J.,Patton,7218 Quisque Av.,Female,75999,15-Jun-2016,0,381,108
387,Hu,K.,Contreras,Ap #346-1303 Eu Rd.,Male,62251,17-Jun-2013,0,381,108
388,Ann,L.,Soto,2551 Ipsum Rd.,Female,28828,03-Jan-2011,0,381,108
389,Cassandra,M.,Jimenez,"P.O. Box 813, 8414 Non, Av.",Female,112951,22-Mar-2011,0,381,108
390,Yolanda,N.,Goff,"P.O. Box 581, 4045 Cras Av.",Female,60494,06-Jul-2011,0,381,108
391,Lysandra,R.,Avery,"Ap #469-7663 Lacus, Street",Female,120000,14-Apr-2014,0,391,108
392,Oleg,S.,Rush,774-9229 Aliquam Road,Male,64953,12-Jul-2011,0,391,108
393,Irma,U.,Sweet,"P.O. Box 494, 4161 Auctor Av.",Female,119496,05-Nov-2010,0,391,108
394,Amela,V.,Britt,"P.O. Box 936, 3880 Nibh. Av.",Female,106236,21-Jul-2014,0,391,108
395,Alexis,W.,Crawford,7028 A Road,Female,110190,19-Jan-2014,0,391,108
396,Bianca,T.,Benton,Ap #233-7577 Tincidunt Rd.,Female,111656,08-Jan-2010,0,391,108
397,Mona,O.,Strong,Ap #866-8198 Metus St.,Female,85591,16-Dec-2014,0,391,108
398,Eleanor,P.,Mclaughlin,627-3748 Sem St.,Female,117404,28-Aug-2010,0,391,108
399,Levi,X.,Barron,362-9356 Dolor Av.,Female,62112,20-Aug-2016,0,391,108
400,Vera,Y.,Sykes,320-3777 A St.,Female,37168,04-Nov-2011,0,391,108